,url
0,https://cafe.naver.com/ca-fe/ArticleRead.nhn?clubid=23793202&page=1&inCafeSearch=true&searchBy=1&query=%EC%A3%BC%EC%8B%9D&includeAll=&exclude=&include=&exact=&searchdate=all&media=0&sortBy=date&articleid=4657093&referrerAllArticles=true
1,https://cafe.naver.com/ca-fe/ArticleRead.nhn?clubid=23793202&page=1&inCafeSearch=true&searchBy=1&query=%EC%A3%BC%EC%8B%9D&includeAll=&exclude=&include=&exact=&searchdate=all&media=0&sortBy=date&articleid=4656916&referrerAllArticles=true
2,https://cafe.naver.com/ca-fe/ArticleRead.nhn?clubid=23793202&page=1&inCafeSearch=true&searchBy=1&query=%EC%A3%BC%EC%8B%9D&includeAll=&exclude=&include=&exact=&searchdate=all&media=0&sortBy=date&articleid=4656915&referrerAllArticles=true
3,https://cafe.naver.com/ca-fe/ArticleRead.nhn?clubid=23793202&page=1&inCafeSearch=true&searchBy=1&query=%EC%A3%BC%EC%8B%9D&includeAll=&exclude=&include=&exact=&searchdate=all&media=0&sortBy=date&articleid=4656807&referrerAllArticles=true
4,https://cafe.naver.com/ca-fe/ArticleRead.nhn?clubid=23793202&page=1&inCafeSearch=true&searchBy=1&query=%EC%A3%BC%EC%8B%9D&includeAll=&exclude=&include=&exact=&searchdate=all&media=0&sortBy=date&articleid=4656806&referrerAllArticles=true
5,https://cafe.naver.com/ca-fe/ArticleRead.nhn?clubid=23793202&page=1&inCafeSearch=true&searchBy=1&query=%EC%A3%BC%EC%8B%9D&includeAll=&exclude=&include=&exact=&searchdate=all&media=0&sortBy=date&articleid=4656805&referrerAllArticles=true
6,https://cafe.naver.com/ca-fe/ArticleRead.nhn?clubid=23793202&page=1&inCafeSearch=true&searchBy=1&query=%EC%A3%BC%EC%8B%9D&includeAll=&exclude=&include=&exact=&searchdate=all&media=0&sortBy=date&articleid=4656559&referrerAllArticles=true
7,https://cafe.naver.com/ca-fe/ArticleRead.nhn?clubid=23793202&page=1&inCafeSearch=true&searchBy=1&query=%EC%A3%BC%EC%8B%9D&includeAll=&exclude=&include=&exact=&searchdate=all&media=0&sortBy=date&articleid=4655857&referrerAllArticles=true
8,https://cafe.naver.com/ca-fe/ArticleRead.nhn?clubid=23793202&page=1&inCafeSearch=true&searchBy=1&query=%EC%A3%BC%EC%8B%9D&includeAll=&exclude=&include=&exact=&searchdate=all&media=0&sortBy=date&articleid=4655772&referrerAllArticles=true
9,https://cafe.naver.com/ca-fe/ArticleRead.nhn?clubid=23793202&page=1&inCafeSearch=true&searchBy=1&query=%EC%A3%BC%EC%8B%9D&includeAll=&exclude=&include=&exact=&searchdate=all&media=0&sortBy=date&articleid=4655004&referrerAllArticles=true
10,https://cafe.naver.com/ca-fe/ArticleRead.nhn?clubid=23793202&page=1&inCafeSearch=true&searchBy=1&query=%EC%A3%BC%EC%8B%9D&includeAll=&exclude=&include=&exact=&searchdate=all&media=0&sortBy=date&articleid=4654348&referrerAllArticles=true
11,https://cafe.naver.com/ca-fe/ArticleRead.nhn?clubid=23793202&page=1&inCafeSearch=true&searchBy=1&query=%EC%A3%BC%EC%8B%9D&includeAll=&exclude=&include=&exact=&searchdate=all&media=0&sortBy=date&articleid=4654346&referrerAllArticles=true
12,https://cafe.naver.com/ca-fe/ArticleRead.nhn?clubid=23793202&page=1&inCafeSearch=true&searchBy=1&query=%EC%A3%BC%EC%8B%9D&includeAll=&exclude=&include=&exact=&searchdate=all&media=0&sortBy=date&articleid=4654345&referrerAllArticles=true
13,https://cafe.naver.com/ca-fe/ArticleRead.nhn?clubid=23793202&page=1&inCafeSearch=true&searchBy=1&query=%EC%A3%BC%EC%8B%9D&includeAll=&exclude=&include=&exact=&searchdate=all&media=0&sortBy=date&articleid=4654344&referrerAllArticles=true
14,https://cafe.naver.com/ca-fe/ArticleRead.nhn?clubid=23793202&page=1&inCafeSearch=true&searchBy=1&query=%EC%A3%BC%EC%8B%9D&includeAll=&exclude=&include=&exact=&searchdate=all&media=0&sortBy=date&articleid=4654343&referrerAllArticles=true
15,https://cafe.naver.com/ca-fe/ArticleRead.nhn?clubid=23793202&page=2&inCafeSearch=true&searchBy=1&query=%EC%A3%BC%EC%8B%9D&includeAll=&exclude=&include=&exact=&searchdate=all&media=0&sortBy=date&articleid=4654342&referrerAllArticles=true
16,https://cafe.naver.com/ca-fe/ArticleRead.nhn?clubid=23793202&page=2&inCafeSearch=true&searchBy=1&query=%EC%A3%BC%EC%8B%9D&includeAll=&exclude=&include=&exact=&searchdate=all&media=0&sortBy=date&articleid=4654340&referrerAllArticles=true
17,https://cafe.naver.com/ca-fe/ArticleRead.nhn?clubid=23793202&page=2&inCafeSearch=true&searchBy=1&query=%EC%A3%BC%EC%8B%9D&includeAll=&exclude=&include=&exact=&searchdate=all&media=0&sortBy=date&articleid=4654338&referrerAllArticles=true
18,https://cafe.naver.com/ca-fe/ArticleRead.nhn?clubid=23793202&page=2&inCafeSearch=true&searchBy=1&query=%EC%A3%BC%EC%8B%9D&includeAll=&exclude=&include=&exact=&searchdate=all&media=0&sortBy=date&articleid=4654337&referrerAllArticles=true
19,https://cafe.naver.com/ca-fe/ArticleRead.nhn?clubid=23793202&page=2&inCafeSearch=true&searchBy=1&query=%EC%A3%BC%EC%8B%9D&includeAll=&exclude=&include=&exact=&searchdate=all&media=0&sortBy=date&articleid=4654336&referrerAllArticles=true
20,https://cafe.naver.com/ca-fe/ArticleRead.nhn?clubid=23793202&page=2&inCafeSearch=true&searchBy=1&query=%EC%A3%BC%EC%8B%9D&includeAll=&exclude=&include=&exact=&searchdate=all&media=0&sortBy=date&articleid=4654335&referrerAllArticles=true
21,https://cafe.naver.com/ca-fe/ArticleRead.nhn?clubid=23793202&page=2&inCafeSearch=true&searchBy=1&query=%EC%A3%BC%EC%8B%9D&includeAll=&exclude=&include=&exact=&searchdate=all&media=0&sortBy=date&articleid=4654333&referrerAllArticles=true
22,https://cafe.naver.com/ca-fe/ArticleRead.nhn?clubid=23793202&page=2&inCafeSearch=true&searchBy=1&query=%EC%A3%BC%EC%8B%9D&includeAll=&exclude=&include=&exact=&searchdate=all&media=0&sortBy=date&articleid=4654316&referrerAllArticles=true
23,https://cafe.naver.com/ca-fe/ArticleRead.nhn?clubid=23793202&page=2&inCafeSearch=true&searchBy=1&query=%EC%A3%BC%EC%8B%9D&includeAll=&exclude=&include=&exact=&searchdate=all&media=0&sortBy=date&articleid=4654313&referrerAllArticles=true
24,https://cafe.naver.com/ca-fe/ArticleRead.nhn?clubid=23793202&page=2&inCafeSearch=true&searchBy=1&query=%EC%A3%BC%EC%8B%9D&includeAll=&exclude=&include=&exact=&searchdate=all&media=0&sortBy=date&articleid=4654308&referrerAllArticles=true
25,https://cafe.naver.com/ca-fe/ArticleRead.nhn?clubid=23793202&page=2&inCafeSearch=true&searchBy=1&query=%EC%A3%BC%EC%8B%9D&includeAll=&exclude=&include=&exact=&searchdate=all&media=0&sortBy=date&articleid=4654306&referrerAllArticles=true
26,https://cafe.naver.com/ca-fe/ArticleRead.nhn?clubid=23793202&page=2&inCafeSearch=true&searchBy=1&query=%EC%A3%BC%EC%8B%9D&includeAll=&exclude=&include=&exact=&searchdate=all&media=0&sortBy=date&articleid=4654304&referrerAllArticles=true
27,https://cafe.naver.com/ca-fe/ArticleRead.nhn?clubid=23793202&page=2&inCafeSearch=true&searchBy=1&query=%EC%A3%BC%EC%8B%9D&includeAll=&exclude=&include=&exact=&searchdate=all&media=0&sortBy=date&articleid=4654302&referrerAllArticles=true
28,https://cafe.naver.com/ca-fe/ArticleRead.nhn?clubid=23793202&page=2&inCafeSearch=true&searchBy=1&query=%EC%A3%BC%EC%8B%9D&includeAll=&exclude=&include=&exact=&searchdate=all&media=0&sortBy=date&articleid=4654301&referrerAllArticles=true
29,https://cafe.naver.com/ca-fe/ArticleRead.nhn?clubid=23793202&page=2&inCafeSearch=true&searchBy=1&query=%EC%A3%BC%EC%8B%9D&includeAll=&exclude=&include=&exact=&searchdate=all&media=0&sortBy=date&articleid=4654300&referrerAllArticles=true
30,https://cafe.naver.com/ca-fe/ArticleRead.nhn?clubid=23793202&page=3&inCafeSearch=true&searchBy=1&query=%EC%A3%BC%EC%8B%9D&includeAll=&exclude=&include=&exact=&searchdate=all&media=0&sortBy=date&articleid=4654298&referrerAllArticles=true
31,https://cafe.naver.com/ca-fe/ArticleRead.nhn?clubid=23793202&page=3&inCafeSearch=true&searchBy=1&query=%EC%A3%BC%EC%8B%9D&includeAll=&exclude=&include=&exact=&searchdate=all&media=0&sortBy=date&articleid=4654296&referrerAllArticles=true
32,https://cafe.naver.com/ca-fe/ArticleRead.nhn?clubid=23793202&page=3&inCafeSearch=true&searchBy=1&query=%EC%A3%BC%EC%8B%9D&includeAll=&exclude=&include=&exact=&searchdate=all&media=0&sortBy=date&articleid=4654294&referrerAllArticles=true
33,https://cafe.naver.com/ca-fe/ArticleRead.nhn?clubid=23793202&page=3&inCafeSearch=true&searchBy=1&query=%EC%A3%BC%EC%8B%9D&includeAll=&exclude=&include=&exact=&searchdate=all&media=0&sortBy=date&articleid=4654292&referrerAllArticles=true
34,https://cafe.naver.com/ca-fe/ArticleRead.nhn?clubid=23793202&page=3&inCafeSearch=true&searchBy=1&query=%EC%A3%BC%EC%8B%9D&includeAll=&exclude=&include=&exact=&searchdate=all&media=0&sortBy=date&articleid=4654290&referrerAllArticles=true
35,https://cafe.naver.com/ca-fe/ArticleRead.nhn?clubid=23793202&page=3&inCafeSearch=true&searchBy=1&query=%EC%A3%BC%EC%8B%9D&includeAll=&exclude=&include=&exact=&searchdate=all&media=0&sortBy=date&articleid=4654274&referrerAllArticles=true
36,https://cafe.naver.com/ca-fe/ArticleRead.nhn?clubid=23793202&page=3&inCafeSearch=true&searchBy=1&query=%EC%A3%BC%EC%8B%9D&includeAll=&exclude=&include=&exact=&searchdate=all&media=0&sortBy=date&articleid=4654272&referrerAllArticles=true
37,https://cafe.naver.com/ca-fe/ArticleRead.nhn?clubid=23793202&page=3&inCafeSearch=true&searchBy=1&query=%EC%A3%BC%EC%8B%9D&includeAll=&exclude=&include=&exact=&searchdate=all&media=0&sortBy=date&articleid=4654271&referrerAllArticles=true
38,https://cafe.naver.com/ca-fe/ArticleRead.nhn?clubid=23793202&page=3&inCafeSearch=true&searchBy=1&query=%EC%A3%BC%EC%8B%9D&includeAll=&exclude=&include=&exact=&searchdate=all&media=0&sortBy=date&articleid=4654270&referrerAllArticles=true
39,https://cafe.naver.com/ca-fe/ArticleRead.nhn?clubid=23793202&page=3&inCafeSearch=true&searchBy=1&query=%EC%A3%BC%EC%8B%9D&includeAll=&exclude=&include=&exact=&searchdate=all&media=0&sortBy=date&articleid=4654268&referrerAllArticles=true
40,https://cafe.naver.com/ca-fe/ArticleRead.nhn?clubid=23793202&page=3&inCafeSearch=true&searchBy=1&query=%EC%A3%BC%EC%8B%9D&includeAll=&exclude=&include=&exact=&searchdate=all&media=0&sortBy=date&articleid=4654266&referrerAllArticles=true
41,https://cafe.naver.com/ca-fe/ArticleRead.nhn?clubid=23793202&page=3&inCafeSearch=true&searchBy=1&query=%EC%A3%BC%EC%8B%9D&includeAll=&exclude=&include=&exact=&searchdate=all&media=0&sortBy=date&articleid=4654265&referrerAllArticles=true
42,https://cafe.naver.com/ca-fe/ArticleRead.nhn?clubid=23793202&page=3&inCafeSearch=true&searchBy=1&query=%EC%A3%BC%EC%8B%9D&includeAll=&exclude=&include=&exact=&searchdate=all&media=0&sortBy=date&articleid=4654263&referrerAllArticles=true
43,https://cafe.naver.com/ca-fe/ArticleRead.nhn?clubid=23793202&page=3&inCafeSearch=true&searchBy=1&query=%EC%A3%BC%EC%8B%9D&includeAll=&exclude=&include=&exact=&searchdate=all&media=0&sortBy=date&articleid=4654259&referrerAllArticles=true
44,https://cafe.naver.com/ca-fe/ArticleRead.nhn?clubid=23793202&page=3&inCafeSearch=true&searchBy=1&query=%EC%A3%BC%EC%8B%9D&includeAll=&exclude=&include=&exact=&searchdate=all&media=0&sortBy=date&articleid=4654253&referrerAllArticles=true
45,https://cafe.naver.com/ca-fe/ArticleRead.nhn?clubid=23793202&page=4&inCafeSearch=true&searchBy=1&query=%EC%A3%BC%EC%8B%9D&includeAll=&exclude=&include=&exact=&searchdate=all&media=0&sortBy=date&articleid=4654251&referrerAllArticles=true
46,https://cafe.naver.com/ca-fe/ArticleRead.nhn?clubid=23793202&page=4&inCafeSearch=true&searchBy=1&query=%EC%A3%BC%EC%8B%9D&includeAll=&exclude=&include=&exact=&searchdate=all&media=0&sortBy=date&articleid=4654250&referrerAllArticles=true
47,https://cafe.naver.com/ca-fe/ArticleRead.nhn?clubid=23793202&page=4&inCafeSearch=true&searchBy=1&query=%EC%A3%BC%EC%8B%9D&includeAll=&exclude=&include=&exact=&searchdate=all&media=0&sortBy=date&articleid=4654247&referrerAllArticles=true
48,https://cafe.naver.com/ca-fe/ArticleRead.nhn?clubid=23793202&page=4&inCafeSearch=true&searchBy=1&query=%EC%A3%BC%EC%8B%9D&includeAll=&exclude=&include=&exact=&searchdate=all&media=0&sortBy=date&articleid=4654243&referrerAllArticles=true
49,https://cafe.naver.com/ca-fe/ArticleRead.nhn?clubid=23793202&page=4&inCafeSearch=true&searchBy=1&query=%EC%A3%BC%EC%8B%9D&includeAll=&exclude=&include=&exact=&searchdate=all&media=0&sortBy=date&articleid=4654210&referrerAllArticles=true
50,https://cafe.naver.com/ca-fe/ArticleRead.nhn?clubid=23793202&page=4&inCafeSearch=true&searchBy=1&query=%EC%A3%BC%EC%8B%9D&includeAll=&exclude=&include=&exact=&searchdate=all&media=0&sortBy=date&articleid=4654012&referrerAllArticles=true
51,https://cafe.naver.com/ca-fe/ArticleRead.nhn?clubid=23793202&page=4&inCafeSearch=true&searchBy=1&query=%EC%A3%BC%EC%8B%9D&includeAll=&exclude=&include=&exact=&searchdate=all&media=0&sortBy=date&articleid=4653979&referrerAllArticles=true
52,https://cafe.naver.com/ca-fe/ArticleRead.nhn?clubid=23793202&page=4&inCafeSearch=true&searchBy=1&query=%EC%A3%BC%EC%8B%9D&includeAll=&exclude=&include=&exact=&searchdate=all&media=0&sortBy=date&articleid=4653898&referrerAllArticles=true
53,https://cafe.naver.com/ca-fe/ArticleRead.nhn?clubid=23793202&page=4&inCafeSearch=true&searchBy=1&query=%EC%A3%BC%EC%8B%9D&includeAll=&exclude=&include=&exact=&searchdate=all&media=0&sortBy=date&articleid=4653880&referrerAllArticles=true
54,https://cafe.naver.com/ca-fe/ArticleRead.nhn?clubid=23793202&page=4&inCafeSearch=true&searchBy=1&query=%EC%A3%BC%EC%8B%9D&includeAll=&exclude=&include=&exact=&searchdate=all&media=0&sortBy=date&articleid=4653879&referrerAllArticles=true
55,https://cafe.naver.com/ca-fe/ArticleRead.nhn?clubid=23793202&page=4&inCafeSearch=true&searchBy=1&query=%EC%A3%BC%EC%8B%9D&includeAll=&exclude=&include=&exact=&searchdate=all&media=0&sortBy=date&articleid=4653878&referrerAllArticles=true
56,https://cafe.naver.com/ca-fe/ArticleRead.nhn?clubid=23793202&page=4&inCafeSearch=true&searchBy=1&query=%EC%A3%BC%EC%8B%9D&includeAll=&exclude=&include=&exact=&searchdate=all&media=0&sortBy=date&articleid=4653877&referrerAllArticles=true
57,https://cafe.naver.com/ca-fe/ArticleRead.nhn?clubid=23793202&page=4&inCafeSearch=true&searchBy=1&query=%EC%A3%BC%EC%8B%9D&includeAll=&exclude=&include=&exact=&searchdate=all&media=0&sortBy=date&articleid=4653876&referrerAllArticles=true
58,https://cafe.naver.com/ca-fe/ArticleRead.nhn?clubid=23793202&page=4&inCafeSearch=true&searchBy=1&query=%EC%A3%BC%EC%8B%9D&includeAll=&exclude=&include=&exact=&searchdate=all&media=0&sortBy=date&articleid=4653875&referrerAllArticles=true
59,https://cafe.naver.com/ca-fe/ArticleRead.nhn?clubid=23793202&page=4&inCafeSearch=true&searchBy=1&query=%EC%A3%BC%EC%8B%9D&includeAll=&exclude=&include=&exact=&searchdate=all&media=0&sortBy=date&articleid=4653874&referrerAllArticles=true
