,picture,date,like,tag
0,https://scontent-ssn1-1.cdninstagram.com/v/t51.2885-15/e35/s1080x1080/118357093_328996018440935_5707087802195950746_n.jpg?_nc_ht=scontent-ssn1-1.cdninstagram.com&_nc_cat=111&_nc_ohc=ZK5MLdKpfUcAX9cCQE6&oh=936d3efccf97bc4851c0102335c35919&oe=5F701155,2020년 8월 26일,좋아요 8개,
1,https://scontent-ssn1-1.cdninstagram.com/v/t51.2885-15/e35/s1080x1080/118179932_1640238712809991_5969294885579890908_n.jpg?_nc_ht=scontent-ssn1-1.cdninstagram.com&_nc_cat=107&_nc_ohc=IWAUSdp8MaIAX8CQwsM&oh=730f6eae66c9c59a32ef2e8fcf168a08&oe=5F6FC850,2020년 8월 26일,좋아요 9개, 양키캔들당진점 전국택배가능 양키캔들 방향제 선물 당진여행 당진선물 당진방향제 당진양키캔들 양키캔들디퓨저 당진디퓨저 엘리베이션캔들 아로마 신혼부부선물 양키캔들워머 집들이선물 개업선물 답례품 단체선물 기업체선물 결혼선물 생일선물 양키캔들선물세트 차량용방향제 인테리어소품 캔들워머 미니워머 향기스타그램 캐리지워머 캠핑
2,https://scontent-ssn1-1.cdninstagram.com/v/t51.2885-15/e35/s1080x1080/118478124_308749920196242_9067707325201799050_n.jpg?_nc_ht=scontent-ssn1-1.cdninstagram.com&_nc_cat=106&_nc_ohc=fQVKnS_1RPgAX_FcE5I&oh=e71b027afc455041b0584cbfac7debde&oe=5F6F7064,2020년 8월 26일,좋아요 10개, 양키캔들당진점 전국택배가능 양키캔들 방향제 선물 당진여행 당진선물 당진방향제 당진양키캔들 양키캔들디퓨저 당진디퓨저 부엉이 아로마 신혼부부선물 양키캔들워머 집들이선물 개업선물 답례품 단체선물 기업체선물 결혼선물 생일선물 양키캔들선물세트 차량용방향제 인테리어소품 캔들워머 미니워머 향기스타그램 왜목마을 캠핑
3,https://scontent-ssn1-1.cdninstagram.com/v/t51.2885-15/e35/s1080x1080/118229850_327011988370180_2732422648581067363_n.jpg?_nc_ht=scontent-ssn1-1.cdninstagram.com&_nc_cat=104&_nc_ohc=da6KQoxv3WcAX-KO_Mq&oh=dd06cb2864730189bb597ee3a48c04e3&oe=5F6E7B00,2020년 8월 26일,좋아요 12개, 양키캔들당진점 전국택배가능 양키캔들 방향제 선물 당진여행 당진선물 당진방향제 당진양키캔들 양키캔들디퓨저 당진디퓨저 엘리베이션캔들 아로마 신혼부부선물 양키캔들워머 집들이선물 개업선물 답례품 단체선물 기업체선물 결혼선물 생일선물 양키캔들선물세트 차량용방향제 인테리어소품 캔들워머 미니워머 향기스타그램 왜목마을 캠핑
4,https://scontent-ssn1-1.cdninstagram.com/v/t51.2885-15/e35/s1080x1080/118390942_800280487376369_1197788907172806579_n.jpg?_nc_ht=scontent-ssn1-1.cdninstagram.com&_nc_cat=105&_nc_ohc=HnIeoscPvIoAX-uCF0c&oh=52678b934ffdff72886b076b9f293cad&oe=5F708DBA,2020년 8월 26일,좋아요 7개,
5,https://scontent-ssn1-1.cdninstagram.com/v/t51.2885-15/e35/s1080x1080/118323134_321017819250976_410052207367202786_n.jpg?_nc_ht=scontent-ssn1-1.cdninstagram.com&_nc_cat=104&_nc_ohc=ObXJmaSvIaQAX-MKMlU&oh=1079996f3cb43608aec64a8c0f48f30b&oe=5F705F56,2020년 8월 26일,좋아요 61개,
6,https://scontent-ssn1-1.cdninstagram.com/v/t51.2885-15/e35/p1080x1080/118239883_3452566771477202_8698098760801889956_n.jpg?_nc_ht=scontent-ssn1-1.cdninstagram.com&_nc_cat=102&_nc_ohc=8GSP0DV6hacAX-LyLk0&oh=b41ecfd5ec2ae9faed551ce082101f9e&oe=5F6EC7BC,2020년 8월 26일,좋아요 24개,
7,https://scontent-ssn1-1.cdninstagram.com/v/t51.2885-15/fr/e15/p1080x1080/118205376_2786843121538634_6913784244676945369_n.jpg?_nc_ht=scontent-ssn1-1.cdninstagram.com&_nc_cat=102&_nc_ohc=HH-7W5q8lQEAX_d9s0e&oh=e6d8c99c0f00fd7d2924fd74807f687f&oe=5F70F982,2020년 8월 26일,좋아요 9개,
8,https://scontent-ssn1-1.cdninstagram.com/v/t51.2885-15/e35/s1080x1080/118476946_3309796522421188_3107147500662275953_n.jpg?_nc_ht=scontent-ssn1-1.cdninstagram.com&_nc_cat=104&_nc_ohc=UqwRnFixprAAX8zK_Ub&oh=d42183c747541cf8825bc5b909e2c07a&oe=5F709986,2020년 8월 26일,좋아요 13개,
9,https://scontent-ssn1-1.cdninstagram.com/v/t51.2885-15/e35/118215741_774350660034978_2500085447370717642_n.jpg?_nc_ht=scontent-ssn1-1.cdninstagram.com&_nc_cat=106&_nc_ohc=8yTXdw2QwfUAX84JLS8&oh=cadbaca093a3b4fd55695faa6aebcc01&oe=5F6EF26E,2020년 8월 26일,좋아요 13개, junghoseok junghoseokbts jhope hopeworld jj jh BTS bts btsdynamite btsdynamiteteaser jhopevideos 방방콘더라이브 방단소년단 방방콘더라이브 방방곡곡알알이가났네 방이동맛집 방탄소년단진 방향제
