"","title","grade","time"
"1","타이타닉","10","20.07.08"
"2","너와 파도를 탈 수 있다면","6","20.07.08"
"3","사라진 시간","2","20.07.08"
"4","레알","10","20.07.08"
"5","트론: 새로운 시작","8","20.07.08"
"6","캐롤","2","20.07.08"
"7","그레이트 월","4","20.07.08"
"8","밤쉘: 세상을 바꾼 폭탄선언","7","20.07.08"
"9","#살아있다","8","20.07.08"
"10","사라진 시간","1","20.07.08"
"11","지금 만나러 갑니다","10","20.07.08"
"12","옛날 옛적 서부에서","10","20.07.08"
"13","밤쉘: 세상을 바꾼 폭탄선언","8","20.07.08"
"14","사라진 시간","8","20.07.08"
"15","그레이트 월","1","20.07.08"
"16","매트릭스","10","20.07.08"
"17","태극기 휘날리며","10","20.07.08"
"18","#살아있다","10","20.07.08"
"19","소공녀","8","20.07.08"
"20","너와 파도를 탈 수 있다면","10","20.07.08"
"21","히든 피겨스","10","20.07.08"
"22","결백","4","20.07.08"
"23","로마의 휴일","10","20.07.08"
"24","가타카","9","20.07.08"
"25","듀 데이트","10","20.07.08"
"26","조디악","10","20.07.08"
"27","#살아있다","1","20.07.08"
"28","사라진 시간","10","20.07.08"
"29","사라진 시간","2","20.07.08"
"30","트로이","9","20.07.08"
"31","#살아있다","1","20.07.08"
"32","겨울왕국","10","20.07.08"
"33","#살아있다","1","20.07.08"
"34","모아나","9","20.07.08"
"35","사라진 시간","1","20.07.08"
"36","#살아있다","1","20.07.08"
"37","분홍신","9","20.07.08"
"38","들리나요?","10","20.07.08"
"39","원더","10","20.07.08"
"40","팬텀 스레드","8","20.07.08"
"41","소리꾼","10","20.07.08"
"42","결백","8","20.07.08"
"43","기생충","7","20.07.08"
"44","불한당: 나쁜 놈들의 세상","10","20.07.08"
"45","너와 파도를 탈 수 있다면","10","20.07.08"
"46","진범","8","20.07.08"
"47","흥부: 글로 세상을 바꾼 자","2","20.07.08"
"48","유신의 추억 - 다카키 마사오의 전성시대","10","20.07.08"
"49","세븐데이즈","5","20.07.08"
"50","다크 나이트","10","20.07.08"
"51","용의자X적 헌신","8","20.07.08"
"52","클레멘타인","10","20.07.08"
"53","못","5","20.07.08"
"54","#살아있다","9","20.07.08"
"55","밤쉘: 세상을 바꾼 폭탄선언","10","20.07.08"
"56","에이리언","8","20.07.08"
"57","중2병이라도 사랑이 하고 싶어! 테이크 온 미","10","20.07.08"
"58","#살아있다","4","20.07.08"
"59","온워드: 단 하루의 기적","6","20.07.08"
"60","밤쉘: 세상을 바꾼 폭탄선언","10","20.07.08"
"61","함정","10","20.07.08"
"62","중2병이라도 사랑이 하고 싶어! 극장판","1","20.07.08"
"63","더 랍스터","8","20.07.08"
"64","백두산","6","20.07.08"
"65","마스터 앤드 커맨더: 위대한 정복자","10","20.07.08"
"66","결백","10","20.07.08"
"67","티에나: 10,000년 후","5","20.07.08"
"68","시체들의 새벽","9","20.07.08"
"69","남산의 부장들","10","20.07.08"
"70","그레텔과 헨젤","8","20.07.08"
"71","너와 파도를 탈 수 있다면","9","20.07.08"
"72","#살아있다","2","20.07.08"
"73","사라진 시간","1","20.07.08"
"74","시체들의 새벽","6","20.07.08"
"75","범죄와의 전쟁 : 나쁜놈들 전성시대","10","20.07.08"
"76","요가학원","5","20.07.08"
"77","소리꾼","10","20.07.08"
"78","킬 모드","1","20.07.08"
"79","레드 드래곤","10","20.07.08"
"80","마녀","2","20.07.08"
"81","사라진 시간","1","20.07.08"
"82","찬실이는 복도 많지","8","20.07.08"
"83","#살아있다","1","20.07.08"
"84","나비 효과","1","20.07.08"
"85","스윙키즈","10","20.07.08"
"86","안시성","8","20.07.08"
"87","파괴자들","10","20.07.08"
"88","신세계","6","20.07.08"
"89","남영동1985","1","20.07.08"
"90","캡틴 필립스","10","20.07.08"
"91","집시의 시간","10","20.07.08"
"92","극한직업","10","20.07.08"
"93","미쓰 와이프","9","20.07.08"
"94","알라딘","8","20.07.08"
"95","서치","10","20.07.08"
"96","#살아있다","10","20.07.08"
"97","서치","10","20.07.08"
"98","캐롤","6","20.07.08"
"99","#살아있다","1","20.07.08"
"100","사라진 시간","1","20.07.08"
"101","무서운 집","10","20.07.08"
"102","#살아있다","5","20.07.08"
"103","서치","10","20.07.08"
"104","#살아있다","2","20.07.08"
"105","더 리더: 책 읽어주는 남자","10","20.07.08"
"106","서치 아웃","1","20.07.08"
"107","#살아있다","2","20.07.08"
"108","시월애","10","20.07.08"
"109","디스트릭트 9","10","20.07.08"
"110","밤쉘: 세상을 바꾼 폭탄선언","10","20.07.08"
"111","#살아있다","1","20.07.08"
"112","흥부: 글로 세상을 바꾼 자","1","20.07.08"
"113","비스티 보이즈","5","20.07.08"
"114","#살아있다","2","20.07.08"
"115","#살아있다","1","20.07.08"
"116","빽 투 더 퓨쳐 2","8","20.07.08"
"117","#살아있다","2","20.07.08"
"118","데스 위시","10","20.07.08"
"119","#살아있다","1","20.07.08"
"120","#살아있다","1","20.07.08"
"121","해리 포터와 마법사의 돌","10","20.07.08"
"122","세일즈맨","7","20.07.08"
"123","나쁜 녀석들 : 포에버","5","20.07.08"
"124","밤쉘: 세상을 바꾼 폭탄선언","10","20.07.08"
"125","마틸다","10","20.07.08"
"126","원 데이","9","20.07.08"
"127","더 비지트","6","20.07.08"
"128","레지던트 이블: 파멸의 날","8","20.07.08"
"129","킹스맨 : 시크릿 에이전트","6","20.07.08"
"130","밤쉘: 세상을 바꾼 폭탄선언","10","20.07.08"
"131","그녀를 믿지 마세요","10","20.07.08"
"132","발레리나","8","20.07.08"
"133","원더풀 라디오","1","20.07.08"
"134","밤쉘: 세상을 바꾼 폭탄선언","9","20.07.08"
"135","호빗: 다섯 군대 전투","10","20.07.08"
"136","화산고","8","20.07.08"
"137","내 이름은 칸","10","20.07.08"
"138","오리엔트 특급 살인","10","20.07.08"
"139","#살아있다","1","20.07.08"
"140","엔딩스 비기닝스","8","20.07.08"
"141","밤쉘: 세상을 바꾼 폭탄선언","10","20.07.08"
"142","밤쉘: 세상을 바꾼 폭탄선언","10","20.07.08"
"143","#살아있다","1","20.07.08"
"144","밤쉘: 세상을 바꾼 폭탄선언","10","20.07.08"
"145","밤쉘: 세상을 바꾼 폭탄선언","10","20.07.08"
"146","밤쉘: 세상을 바꾼 폭탄선언","10","20.07.08"
"147","밤쉘: 세상을 바꾼 폭탄선언","10","20.07.08"
"148","룩 어웨이","10","20.07.08"
"149","#살아있다","9","20.07.08"
"150","밤쉘: 세상을 바꾼 폭탄선언","10","20.07.08"
"151","밤쉘: 세상을 바꾼 폭탄선언","10","20.07.08"
"152","마이 퍼스널 트레이너","1","20.07.08"
"153","닥터 스트레인지","10","20.07.08"
"154","컨테이젼","10","20.07.08"
"155","#살아있다","2","20.07.08"
"156","그랜드 부다페스트 호텔","10","20.07.08"
"157","#살아있다","6","20.07.08"
"158","그레텔과 헨젤","1","20.07.08"
"159","콜 오브 와일드","10","20.07.08"
"160","밤쉘: 세상을 바꾼 폭탄선언","1","20.07.08"
"161","밤쉘: 세상을 바꾼 폭탄선언","8","20.07.08"
"162","결백","1","20.07.08"
"163","걸캅스","1","20.07.08"
"164","밤쉘: 세상을 바꾼 폭탄선언","10","20.07.08"
"165","졸업반","7","20.07.08"
"166","밤쉘: 세상을 바꾼 폭탄선언","10","20.07.08"
"167","소리꾼","1","20.07.08"
"168","#살아있다","4","20.07.08"
"169","#살아있다","4","20.07.08"
"170","올드보이","8","20.07.08"
"171","#살아있다","1","20.07.08"
"172","다크 나이트","10","20.07.08"
"173","#살아있다","7","20.07.08"
"174","콜 오브 와일드","6","20.07.08"
"175","침입자","6","20.07.08"
"176","수퍼 소닉","10","20.07.08"
"177","온워드: 단 하루의 기적","10","20.07.08"
"178","로마 위드 러브","6","20.07.08"
"179","마녀","10","20.07.08"
"180","모노노케 히메","10","20.07.08"
"181","그린 마일","10","20.07.08"
"182","짝패","10","20.07.08"
"183","서치","10","20.07.08"
"184","해피 디 데이","10","20.07.08"
"185","밤쉘: 세상을 바꾼 폭탄선언","10","20.07.08"
"186","뷰티 인사이드","8","20.07.08"
"187","카지노","9","20.07.08"
"188","밤쉘: 세상을 바꾼 폭탄선언","8","20.07.08"
"189","시,나리오","7","20.07.08"
"190","우리 개 이야기","6","20.07.08"
"191","라이프 오브 파이","10","20.07.08"
"192","위대한 쇼맨","9","20.07.08"
"193","나쁜 녀석들: 더 무비","10","20.07.08"
"194","그레텔과 헨젤","10","20.07.08"
"195","레드 스패로","10","20.07.08"
"196","밤쉘: 세상을 바꾼 폭탄선언","10","20.07.08"
"197","킬 스위치","10","20.07.08"
"198","그레텔과 헨젤","10","20.07.08"
"199","밤쉘: 세상을 바꾼 폭탄선언","10","20.07.08"
"200","콘스탄틴","10","20.07.08"
"201","앱솔루트 파워","1","20.07.08"
"202","거룩한 계보","10","20.07.08"
"203","시,나리오","4","20.07.08"
"204","소리꾼","10","20.07.08"
"205","#살아있다","4","20.07.08"
"206","나의 첫 번째 슈퍼스타","10","20.07.08"
"207","라라랜드","10","20.07.08"
"208","독전","3","20.07.08"
"209","짱","1","20.07.08"
"210","82년생 김지영","10","20.07.08"
"211","#살아있다","8","20.07.08"
"212","버킷리스트: 죽기 전에 꼭 하고 싶은 것들","10","20.07.08"
"213","뷰티 인사이드","10","20.07.08"
"214","온워드: 단 하루의 기적","10","20.07.08"
"215","#살아있다","10","20.07.08"
"216","인사이드 아웃","9","20.07.08"
"217","정직한 후보","10","20.07.08"
"218","비긴 어게인","10","20.07.08"
"219","멜리스","1","20.07.08"
"220","소리꾼","10","20.07.08"
"221","야구소녀","8","20.07.08"
"222","언더 워터","10","20.07.08"
"223","변호인","10","20.07.08"
"224","사라진 시간","8","20.07.08"
"225","사라진 시간","8","20.07.08"
"226","주홍글씨","1","20.07.08"
"227","유혹의 선","1","20.07.08"
"228","#살아있다","8","20.07.08"
"229","미스틱 리버","10","20.07.08"
"230","차가운 열대어","1","20.07.08"
"231","콜 오브 와일드","10","20.07.08"
"232","#살아있다","1","20.07.08"
"233","지구를 지켜라!","9","20.07.08"
"234","판소리 복서","9","20.07.08"
"235","아홉 스님","10","20.07.08"
"236","동감","10","20.07.08"
"237","갈증","1","20.07.08"
"238","사라진 시간","10","20.07.08"
"239","피아니스트의 전설","10","20.07.08"
"240","분신사바: 친구의 저주","1","20.07.08"
"241","인베이젼 2020","10","20.07.08"
"242","버드맨","10","20.07.08"
"243","임금님의 사건수첩","10","20.07.08"
"244","사라진 시간","1","20.07.08"
"245","피아니스트","10","20.07.08"
"246","조커","1","20.07.08"
"247","레미제라블","8","20.07.08"
"248","클래식","10","20.07.08"
"249","캠퍼스 S 커플","10","20.07.08"
"250","위대한 쇼맨","10","20.07.08"
"251","트로이","10","20.07.08"
"252","꽃잎","4","20.07.08"
"253","사라진 시간","10","20.07.08"
"254","다크 나이트","10","20.07.08"
"255","작가 미상","7","20.07.08"
"256","환상의 마로나","9","20.07.08"
"257","노트북","10","20.07.08"
"258","소리꾼","2","20.07.08"
"259","토탈 리콜","7","20.07.08"
"260","마이 스파이","7","20.07.08"
"261","#살아있다","10","20.07.08"
"262","스캔들 - 조선남녀상열지사","9","20.07.08"
"263","디 워","4","20.07.08"
"264","클레멘타인","10","20.07.08"
"265","감기","1","20.07.08"
"266","사라진 시간","2","20.07.08"
"267","12번째 솔저","3","20.07.08"
"268","러브픽션","10","20.07.08"
"269","매드맥스: 분노의 도로","10","20.07.08"
"270","쇼생크 탈출","10","20.07.08"
"271","트랜짓","7","20.07.08"
"272","이터널 선샤인","9","20.07.08"
"273","뷰티 인사이드","10","20.07.08"
"274","인간중독","9","20.07.08"
"275","인베이젼 2020","2","20.07.08"
"276","닥터 슬립","10","20.07.08"
"277","만덜레이","10","20.07.08"
"278","라라랜드","10","20.07.08"
"279","백치들","8","20.07.08"
"280","브레이킹 더 웨이브","9","20.07.08"
"281","조조 래빗","8","20.07.08"
"282","나랏말싸미","1","20.07.08"
"283","라이언 일병 구하기","10","20.07.08"
"284","머니볼","10","20.07.08"
"285","샌 안드레아스","9","20.07.08"
"286","시네마 천국","10","20.07.08"
"287","죽은 시인의 사회","10","20.07.08"
"288","프리즈너스","7","20.07.08"
"289","그렇게 아버지가 된다","10","20.07.08"
"290","미씽: 사라진 여자","10","20.07.08"
"291","미씽: 사라진 여자","10","20.07.08"
"292","#살아있다","1","20.07.08"
"293","미씽: 사라진 여자","7","20.07.08"
"294","잡아야 산다","1","20.07.08"
"295","미씽: 사라진 여자","10","20.07.08"
"296","해운대","8","20.07.08"
"297","전우치","10","20.07.08"
"298","마이웨이","10","20.07.08"
"299","이누야시키 : 히어로 VS 빌런","10","20.07.08"
"300","웰컴 투 동막골","10","20.07.08"
"301","침입자","4","20.07.08"
"302","#살아있다","6","20.07.08"
"303","부산행","10","20.07.08"
"304","사라진 시간","10","20.07.08"
"305","하녀","4","20.07.08"
"306","더 헌트","8","20.07.08"
"307","가버나움","10","20.07.08"
"308","리틀 포레스트","8","20.07.08"
"309","바닷마을 다이어리","10","20.07.08"
"310","데몰리션","10","20.07.08"
"311","끝까지 간다","10","20.07.08"
"312","광해, 왕이 된 남자","10","20.07.08"
"313","혐오스런 마츠코의 일생","8","20.07.08"
"314","밀리언 달러 베이비","10","20.07.08"
"315","#살아있다","6","20.07.08"
"316","액트 오브 밸러: 최정예 특수부대","10","20.07.08"
"317","로드 투 퍼디션","10","20.07.08"
"318","셔터 아일랜드","7","20.07.08"
"319","82년생 김지영","10","20.07.08"
"320","와일드","4","20.07.08"
"321","내 아내의 모든 것","10","20.07.08"
"322","유열의 음악앨범","10","20.07.08"
"323","사라진 시간","9","20.07.08"
"324","왕의 남자","10","20.07.08"
"325","가려진 시간","10","20.07.08"
"326","피아노의 숲","2","20.07.08"
"327","사다코 대 카야코","5","20.07.08"
"328","디파티드","4","20.07.08"
"329","걸캅스","1","20.07.08"
"330","연애의 온도","10","20.07.08"
"331","하울의 움직이는 성","10","20.07.08"
"332","프리퀀시","10","20.07.08"
"333","사라진 시간","1","20.07.08"
"334","미씽: 사라진 여자","10","20.07.08"
"335","인헤리턴스","6","20.07.08"
"336","의뢰인","6","20.07.08"
"337","지금 만나러 갑니다","10","20.07.08"
"338","다크 나이트","8","20.07.08"
"339","#살아있다","3","20.07.08"
"340","타이타닉 2","1","20.07.08"
"341","#살아있다","10","20.07.08"
"342","신과함께-인과 연","10","20.07.08"
"343","세이프 하우스","8","20.07.08"
"344","작전","7","20.07.08"
"345","수퍼맨 리턴즈","8","20.07.08"
"346","먼 훗날 우리","10","20.07.08"
"347","하모니","7","20.07.08"
"348","사라진 시간","1","20.07.08"
"349","키스할까요?","10","20.07.08"
"350","프리즌 이스케이프","7","20.07.08"
"351","사라진 시간","10","20.07.08"
"352","이퀼리브리엄","10","20.07.08"
"353","컨택트","8","20.07.08"
"354","더 로드","10","20.07.08"
"355","#살아있다","1","20.07.08"
"356","큐브 2","1","20.07.08"
"357","택시운전사","10","20.07.08"
"358","치외법권","6","20.07.08"
"359","올드보이","10","20.07.08"
"360","초미의 관심사","10","20.07.08"
"361","비밀의 숲","10","20.07.08"
"362","소리꾼","10","20.07.08"
"363","데몰리션 맨","8","20.07.08"
"364","사라진 시간","2","20.07.08"
"365","언더워터","10","20.07.08"
"366","헨젤과 그레텔","10","20.07.08"
"367","#살아있다","7","20.07.08"
"368","치코와 리타","10","20.07.08"
"369","불한당: 나쁜 놈들의 세상","1","20.07.08"
"370","봉오동 전투","1","20.07.08"
"371","온워드: 단 하루의 기적","10","20.07.08"
"372","배트맨 비긴즈","10","20.07.08"
"373","염력","2","20.07.08"
"374","사라진 시간","1","20.07.08"
"375","소리꾼","4","20.07.08"
"376","사라진 시간","1","20.07.08"
"377","마세티 킬즈","10","20.07.08"
"378","원스 어폰 어 타임... 인 할리우드","10","20.07.08"
"379","소리꾼","9","20.07.08"
"380","철도원","10","20.07.08"
"381","나를 차버린 스파이","10","20.07.08"
"382","퓨리","9","20.07.08"
"383","아메리칸 허슬","10","20.07.08"
"384","싱글라이더","10","20.07.08"
"385","위대한 쇼맨","10","20.07.08"
"386","샷 콜러","10","20.07.08"
"387","조제, 호랑이 그리고 물고기들","9","20.07.08"
"388","해피 디 데이","9","20.07.08"
"389","1917","10","20.07.08"
"390","#살아있다","2","20.07.08"
"391","사라진 시간","1","20.07.08"
"392","#살아있다","3","20.07.08"
"393","한낮의 유성","10","20.07.08"
"394","완득이","10","20.07.08"
"395","#살아있다","6","20.07.08"
"396","타이거 맨","7","20.07.08"
"397","사라진 시간","2","20.07.08"
"398","사라진 시간","1","20.07.08"
"399","결백","3","20.07.08"
"400","#살아있다","1","20.07.08"
"401","열혈형사","3","20.07.08"
"402","다크 나이트","10","20.07.08"
"403","날씨의 아이","10","20.07.08"
"404","끝까지 간다","10","20.07.08"
"405","사라진 시간","1","20.07.08"
"406","언 애듀케이션","9","20.07.08"
"407","#살아있다","6","20.07.08"
"408","남한산성","9","20.07.08"
"409","신과함께-죄와 벌","10","20.07.08"
"410","롤러코스터","10","20.07.08"
"411","살아남은 아이","8","20.07.08"
"412","성실한 나라의 앨리스","10","20.07.08"
"413","악인은 살아 있다","6","20.07.08"
"414","분노의 윤리학","10","20.07.08"
"415","기생충","10","20.07.08"
"416","서스페리아","1","20.07.08"
"417","그래비티","10","20.07.08"
"418","불한당: 나쁜 놈들의 세상","10","20.07.08"
"419","인터스텔라","10","20.07.08"
"420","당신이 잠든 사이에","10","20.07.08"
"421","위대한 개츠비","8","20.07.08"
"422","결백","10","20.07.08"
"423","마스터","10","20.07.08"
"424","온워드: 단 하루의 기적","10","20.07.08"
"425","예스터데이","1","20.07.08"
"426","언더워터","10","20.07.08"
"427","사도","10","20.07.08"
"428","소리꾼","8","20.07.08"
"429","사라진 시간","2","20.07.08"
"430","사라진 시간","2","20.07.08"
"431","온다","5","20.07.08"
"432","#살아있다","7","20.07.08"
"433","#살아있다","1","20.07.08"
"434","#살아있다","1","20.07.08"
"435","샷 콜러","10","20.07.08"
"436","악녀","10","20.07.08"
"437","슬럼독 밀리어네어","8","20.07.08"
"438","사라진 시간","1","20.07.08"
"439","오아시스","8","20.07.08"
"440","#살아있다","10","20.07.08"
"441","아메리칸 셰프","8","20.07.08"
"442","조디악","8","20.07.08"
"443","마녀","9","20.07.08"
"444","테이크 쉘터","3","20.07.08"
"445","땐뽀걸즈","10","20.07.08"
"446","슬립리스: 크리미널 나이트","8","20.07.08"
"447","라이프","6","20.07.08"
"448","#살아있다","1","20.07.08"
"449","해피 데스데이 2 유","1","20.07.08"
"450","#살아있다","6","20.07.08"
"451","기묘한 가족","2","20.07.08"
"452","더 그레이","10","20.07.08"
"453","번지 점프를 하다","10","20.07.08"
"454","세이프 하우스","10","20.07.08"
"455","존 윅","6","20.07.08"
"456","열혈형사","1","20.07.08"
"457","안시성","1","20.07.08"
"458","사라진 시간","1","20.07.08"
"459","끝까지 간다","10","20.07.08"
"460","#살아있다","8","20.07.08"
"461","열혈형사","5","20.07.08"
"462","피아니스트","9","20.07.08"
"463","울프 콜","9","20.07.08"
"464","#살아있다","2","20.07.08"
"465","마녀","4","20.07.08"
"466","버드 박스","7","20.07.08"
"467","#살아있다","2","20.07.08"
"468","무드 인디고","7","20.07.08"
"469","신 고질라","7","20.07.08"
"470","윤희에게","10","20.07.08"
"471","사라진 시간","8","20.07.08"
"472","콘스탄틴","7","20.07.08"
"473","마녀","10","20.07.08"
"474","중독","10","20.07.08"
"475","변신","7","20.07.08"
"476","마터스: 천국을 보는 눈","10","20.07.08"
"477","소스 코드","8","20.07.08"
"478","초미의 관심사","10","20.07.08"
"479","사라진 시간","2","20.07.08"
"480","안나","6","20.07.08"
"481","특수부대 전랑2","2","20.07.08"
"482","#살아있다","1","20.07.08"
"483","업그레이드","10","20.07.08"
"484","주먹왕 랄프 2: 인터넷 속으로","10","20.07.08"
"485","원 데이","10","20.07.08"
"486","사라진 시간","1","20.07.08"
"487","세이프 하우스","7","20.07.08"
"488","숨바꼭질","1","20.07.08"
"489","마녀","8","20.07.08"
"490","마녀","9","20.07.08"
"491","볼트","10","20.07.08"
"492","#살아있다","10","20.07.08"
"493","#살아있다","2","20.07.08"
"494","조조 래빗","9","20.07.08"
"495","가버나움","10","20.07.08"
"496","인비저블 라이프","10","20.07.08"
"497","#살아있다","10","20.07.08"
"498","달은... 해가 꾸는 꿈","10","20.07.08"
"499","지푸라기라도 잡고 싶은 짐승들","1","20.07.08"
"500","보리울의 여름","10","20.07.08"
"501","#살아있다","10","20.07.08"
"502","세이프 하우스","10","20.07.08"
"503","극장판 유희왕 더 다크 사이드 오브 디멘션즈","9","20.07.08"
"504","사라진 시간","10","20.07.08"
"505","봄 여름 가을 겨울 그리고 봄","10","20.07.08"
"506","안시성","10","20.07.08"
"507","안시성","10","20.07.08"
"508","신의 한 수: 귀수편","8","20.07.08"
"509","토이 스토리 3","10","20.07.08"
"510","엽기적인 그녀","10","20.07.08"
"511","고스트 라이더","4","20.07.08"
"512","추억의 마니","10","20.07.08"
"513","청춘빌라 살인사건","10","20.07.08"
"514","마녀","10","20.07.08"
"515","버킷리스트: 죽기 전에 꼭 하고 싶은 것들","9","20.07.07"
"516","#살아있다","6","20.07.07"
"517","블라인드 사이드","10","20.07.07"
"518","언니","2","20.07.07"
"519","마녀","8","20.07.07"
"520","엑스맨: 아포칼립스","10","20.07.07"
"521","큐브","10","20.07.07"
"522","비밀","8","20.07.07"
"523","미스비헤이비어","10","20.07.07"
"524","님은 먼곳에","8","20.07.07"
"525","더 울프 오브 월 스트리트","10","20.07.07"
"526","스머프: 비밀의 숲","10","20.07.07"
"527","사라진 시간","5","20.07.07"
"528","82년생 김지영","9","20.07.07"
"529","결백","2","20.07.07"
"530","열혈형사","1","20.07.07"
"531","귀신이 산다","8","20.07.07"
"532","목소리의 형태","10","20.07.07"
"533","결백","10","20.07.07"
"534","맨 온 파이어","7","20.07.07"
"535","호텔 뭄바이","10","20.07.07"
"536","사라진 시간","10","20.07.07"
"537","#살아있다","10","20.07.07"
"538","소리꾼","10","20.07.07"
"539","결백","10","20.07.07"
"540","#살아있다","1","20.07.07"
"541","소리꾼","4","20.07.07"
"542","콜 오브 와일드","8","20.07.07"
"543","소리꾼","10","20.07.07"
"544","#살아있다","8","20.07.07"
"545","그레이트 월","10","20.07.07"
"546","싸이코","10","20.07.07"
"547","사라진 시간","8","20.07.07"
"548","소리꾼","8","20.07.07"
"549","#살아있다","2","20.07.07"
"550","소리꾼","1","20.07.07"
"551","미옥","2","20.07.07"
"552","엑스텐션","6","20.07.07"
"553","곡성(哭聲)","10","20.07.07"
"554","해피 디 데이","10","20.07.07"
"555","소리꾼","10","20.07.07"
"556","#살아있다","6","20.07.07"
"557","침입자","4","20.07.07"
"558","살인의 추억","10","20.07.07"
"559","침입자","7","20.07.07"
"560","사라진 시간","2","20.07.07"
"561","내안의 그놈","10","20.07.07"
"562","소리꾼","10","20.07.07"
"563","소리꾼","10","20.07.07"
"564","겨울왕국 2","7","20.07.07"
"565","크롤","8","20.07.07"
"566","아이 인 더 스카이","10","20.07.07"
"567","케빈에 대하여","9","20.07.07"
"568","스타워즈: 라스트 제다이","1","20.07.07"
"569","캡틴 마블","1","20.07.07"
"570","#살아있다","1","20.07.07"
"571","결백","9","20.07.07"
"572","#살아있다","1","20.07.07"
"573","본 얼티메이텀","10","20.07.07"
"574","당신, 거기 있어줄래요","10","20.07.07"
"575","집으로...","10","20.07.07"
"576","12 솔져스","10","20.07.07"
"577","시네마 천국","10","20.07.07"
"578","다크 워터스","9","20.07.07"
"579","#살아있다","3","20.07.07"
"580","엑스 마키나","10","20.07.07"
"581","주토피아","10","20.07.07"
"582","사랑과 전쟁: 열두 번째 남자","9","20.07.07"
"583","장화, 홍련","10","20.07.07"
"584","소리꾼","10","20.07.07"
"585","소리꾼","8","20.07.07"
"586","다크 나이트","10","20.07.07"
"587","바람 바람 바람","8","20.07.07"
"588","울프 콜","5","20.07.07"
"589","#살아있다","2","20.07.07"
"590","#살아있다","8","20.07.07"
"591","그레이트 월","1","20.07.07"
"592","다크 나이트","10","20.07.07"
"593","명량","10","20.07.07"
"594","사라진 시간","10","20.07.07"
"595","#살아있다","3","20.07.07"
"596","프라이드 그린 토마토","10","20.07.07"
"597","화려한 휴가","10","20.07.07"
"598","프리즈너스","10","20.07.07"
"599","청연","10","20.07.07"
"600","실종","10","20.07.07"
"601","복숭아나무","9","20.07.07"
"602","은밀하게 위대하게","10","20.07.07"
"603","#살아있다","10","20.07.07"
"604","#살아있다","7","20.07.07"
"605","#살아있다","1","20.07.07"
"606","클레멘타인","10","20.07.07"
"607","다크 나이트","10","20.07.07"
"608","클래식","10","20.07.07"
"609","트랜짓","10","20.07.07"
"610","파수꾼","10","20.07.07"
"611","에비에이터","10","20.07.07"
"612","섬. 사라진 사람들","10","20.07.07"
"613","다크 나이트","10","20.07.07"
"614","#살아있다","1","20.07.07"
"615","알로, 슈티","10","20.07.07"
"616","소리꾼","10","20.07.07"
"617","소리꾼","10","20.07.07"
"618","사라진 시간","10","20.07.07"
"619","야마카시 2","10","20.07.07"
"620","오리엔트 특급 살인","10","20.07.07"
"621","사라진 시간","1","20.07.07"
"622","마이펫의 이중생활","9","20.07.07"
"623","지푸라기라도 잡고 싶은 짐승들","1","20.07.07"
"624","사라진 시간","4","20.07.07"
"625","미션","10","20.07.07"
"626","오리엔트 특급 살인","10","20.07.07"
"627","어바웃 타임","10","20.07.07"
"628","소리꾼","9","20.07.07"
"629","오리엔트 특급 살인","7","20.07.07"
"630","#살아있다","6","20.07.07"
"631","#살아있다","10","20.07.07"
"632","익스트랙션","8","20.07.07"
"633","액트 오브 킬링","10","20.07.07"
"634","신의 한 수: 귀수편","10","20.07.07"
"635","모범시민","1","20.07.07"
"636","#살아있다","8","20.07.07"
"637","소원","10","20.07.07"
"638","암전","5","20.07.07"
"639","배트맨 대 슈퍼맨: 저스티스의 시작","10","20.07.07"
"640","카메라를 멈추면 안 돼!","10","20.07.07"
"641","카메라를 멈추면 안 돼!","10","20.07.07"
"642","그레이트 월","1","20.07.07"
"643","#살아있다","1","20.07.07"
"644","세이프 하우스","7","20.07.07"
"645","디어 헌터","10","20.07.07"
"646","결백","10","20.07.07"
"647","원더","10","20.07.07"
"648","브이아이피","10","20.07.07"
"649","연인","10","20.07.07"
"650","늑대의 유혹","10","20.07.07"
"651","인비저블 게스트","9","20.07.07"
"652","사라진 시간","7","20.07.07"
"653","위대한 쇼맨","10","20.07.07"
"654","나의 라임 오렌지 나무","8","20.07.07"
"655","#살아있다","2","20.07.07"
"656","미스 프레지던트","10","20.07.07"
"657","사라진 시간","6","20.07.07"
"658","#살아있다","1","20.07.07"
"659","예스터데이","7","20.07.07"
"660","블라인드 멜로디","8","20.07.07"
"661","예스터데이","6","20.07.07"
"662","그레이트 월","4","20.07.07"
"663","엑스맨: 다크 피닉스","1","20.07.07"
"664","버닝","3","20.07.07"
"665","킹덤 오브 헤븐","9","20.07.07"
"666","결백","9","20.07.07"
"667","#살아있다","2","20.07.07"
"668","그레이트 월","8","20.07.07"
"669","위대한 쇼맨","10","20.07.07"
"670","나의 소녀시대","10","20.07.07"
"671","#살아있다","10","20.07.07"
"672","부산행","8","20.07.07"
"673","야구소녀","10","20.07.07"
"674","혹성 탈출","7","20.07.07"
"675","127 시간","7","20.07.07"
"676","#살아있다","6","20.07.07"
"677","똥파리","10","20.07.07"
"678","소리꾼","5","20.07.07"
"679","소리꾼","8","20.07.07"
"680","#살아있다","6","20.07.07"
"681","시동","10","20.07.07"
"682","7광구","1","20.07.07"
"683","#살아있다","6","20.07.07"
"684","#살아있다","7","20.07.07"
"685","사냥의 시간","10","20.07.07"
"686","환상의 마로나","10","20.07.07"
"687","허트 로커","7","20.07.07"
"688","지니어스","10","20.07.07"
"689","소리꾼","10","20.07.07"
"690","장사리 : 잊혀진 영웅들","10","20.07.07"
"691","럭키","10","20.07.07"
"692","소리꾼","10","20.07.07"
"693","짱","10","20.07.07"
"694","씨민과 나데르의 별거","10","20.07.07"
"695","김씨 표류기","6","20.07.07"
"696","월-E","8","20.07.07"
"697","침입자","2","20.07.07"
"698","인베이젼 2020","3","20.07.07"
"699","#살아있다","7","20.07.07"
"700","#살아있다","2","20.07.07"
"701","나쁜 녀석들: 더 무비","8","20.07.07"
"702","#살아있다","1","20.07.07"
"703","활 : 명궁 류백원","10","20.07.07"
"704","위대한 개츠비","10","20.07.07"
"705","#살아있다","8","20.07.07"
"706","염력","4","20.07.07"
"707","사라진 시간","1","20.07.07"
"708","사라진 시간","7","20.07.07"
"709","침입자","3","20.07.07"
"710","#살아있다","1","20.07.07"
"711","침묵","9","20.07.07"
"712","더 룸","8","20.07.07"
"713","정직한 후보","10","20.07.07"
"714","#살아있다","10","20.07.07"
"715","시,나리오","8","20.07.07"
"716","조작된 도시","4","20.07.07"
"717","침입자","4","20.07.07"
"718","#살아있다","1","20.07.07"
"719","침묵","10","20.07.07"
"720","#살아있다","2","20.07.07"
"721","헬로우 고스트","10","20.07.07"
"722","다크 나이트","10","20.07.07"
"723","우리 선희","7","20.07.07"
"724","콘 에어","7","20.07.07"
"725","지푸라기라도 잡고 싶은 짐승들","7","20.07.07"
"726","서울역","1","20.07.07"
"727","시네마 천국","10","20.07.07"
"728","내안의 그놈","9","20.07.07"
"729","#살아있다","1","20.07.07"
"730","오리엔트 특급 살인","10","20.07.07"
"731","아이즈 온 미 : 더 무비","10","20.07.07"
"732","밀양","10","20.07.07"
"733","저스트 짐","4","20.07.07"
"734","히든 피겨스","10","20.07.07"
"735","동갑내기 과외하기","10","20.07.07"
"736","트랜스포머 3","1","20.07.07"
"737","#살아있다","1","20.07.07"
"738","서부전선","10","20.07.07"
"739","해피 디 데이","1","20.07.07"
"740","온워드: 단 하루의 기적","10","20.07.07"
"741","원더","10","20.07.07"
"742","리틀 포레스트","10","20.07.07"
"743","지구를 지켜라!","10","20.07.07"
"744","인히어런트 바이스","7","20.07.07"
"745","위대한 쇼맨","10","20.07.07"
"746","#살아있다","1","20.07.07"
"747","사라진 시간","2","20.07.07"
"748","#살아있다","7","20.07.07"
"749","#살아있다","1","20.07.07"
"750","고양이 케디","10","20.07.07"
"751","인비저블맨","8","20.07.07"
"752","오늘","10","20.07.07"
"753","신과 나: 100일간의 거래","10","20.07.07"
"754","위대한 쇼맨","10","20.07.07"
"755","매그니피센트 7","5","20.07.07"
"756","플로리다 프로젝트","8","20.07.07"
"757","사라진 시간","4","20.07.07"
"758","시,나리오","10","20.07.07"
"759","사라진 시간","8","20.07.07"
"760","#살아있다","1","20.07.07"
"761","#살아있다","2","20.07.07"
"762","정직한 후보","10","20.07.07"
"763","매그니피센트 7","10","20.07.07"
"764","나쁜 녀석들 : 포에버","10","20.07.07"
"765","매그니피센트 7","8","20.07.07"
"766","#살아있다","4","20.07.07"
"767","너를 만난 여름","10","20.07.07"
"768","#살아있다","10","20.07.07"
"769","캐쉬백","8","20.07.07"
"770","걸캅스","1","20.07.07"
"771","#살아있다","1","20.07.07"
"772","나랏말싸미","1","20.07.07"
"773","지금 만나러 갑니다","10","20.07.07"
"774","결백","10","20.07.07"
"775","엑시트","9","20.07.07"
"776","사도","10","20.07.07"
"777","정직한 후보","8","20.07.07"
"778","피아노의 숲","9","20.07.07"
"779","가디언즈 오브 갤럭시 VOL. 2","10","20.07.07"
"780","지구를 지켜라!","1","20.07.07"
"781","나쁜 녀석들 2","10","20.07.07"
"782","터미네이터: 다크 페이트","1","20.07.07"
"783","인투 더 샤크스톰","10","20.07.07"
"784","사라진 시간","2","20.07.07"
"785","#살아있다","2","20.07.07"
"786","#살아있다","2","20.07.07"
"787","해피 디 데이","6","20.07.07"
"788","사라진 시간","10","20.07.07"
"789","칠드런 오브 맨","10","20.07.07"
"790","#살아있다","2","20.07.07"
"791","소리꾼","1","20.07.07"
"792","온워드: 단 하루의 기적","10","20.07.07"
"793","#살아있다","8","20.07.07"
"794","침입자","10","20.07.07"
"795","써티 데이즈 오브 나이트","10","20.07.07"
"796","다크 나이트","10","20.07.07"
"797","협상","10","20.07.07"
"798","리틀 포레스트","10","20.07.07"
"799","소리꾼","10","20.07.07"
"800","#살아있다","8","20.07.07"
"801","쥬라기 월드: 폴른 킹덤","10","20.07.07"
"802","인베이젼 2020","2","20.07.07"
"803","#살아있다","1","20.07.07"
"804","국도극장","8","20.07.07"
"805","장난스런 키스","10","20.07.07"
"806","노다메 칸타빌레 Vol.1","10","20.07.07"
"807","1917","1","20.07.07"
"808","슈퍼맨이었던 사나이","10","20.07.07"
"809","#살아있다","10","20.07.07"
"810","#살아있다","1","20.07.07"
"811","기묘한 가족","10","20.07.07"
"812","#살아있다","10","20.07.07"
"813","클레멘타인","10","20.07.07"
"814","캡틴 판타스틱","10","20.07.07"
"815","세상을 바꾼 변호인","10","20.07.07"
"816","익스트랙션","10","20.07.07"
"817","클래식","10","20.07.07"
"818","봄날은 간다","8","20.07.07"
"819","#살아있다","2","20.07.07"
"820","원더","10","20.07.07"
"821","시동","8","20.07.07"
"822","#살아있다","4","20.07.07"
"823","사라진 시간","1","20.07.07"
"824","아이 필 프리티","10","20.07.07"
"825","#살아있다","10","20.07.07"
"826","시월애","10","20.07.07"
"827","사라진 시간","3","20.07.07"
"828","매그니피센트 7","8","20.07.07"
"829","#살아있다","1","20.07.07"
"830","1408","10","20.07.07"
"831","소리꾼","10","20.07.07"
"832","원더","10","20.07.07"
"833","그날의 분위기","1","20.07.07"
"834","패왕별희 디 오리지널","10","20.07.07"
"835","원더","10","20.07.07"
"836","결백","2","20.07.07"
"837","원더","10","20.07.07"
"838","보랏 - 카자흐스탄 킹카의 미국 문화 빨아들이기","10","20.07.07"
"839","동갑내기 과외하기 레슨 2","7","20.07.07"
"840","적벽대전 2부 - 최후의 결전","6","20.07.07"
"841","콰이어트 플레이스","10","20.07.07"
"842","하모니","10","20.07.07"
"843","적벽대전 1부 - 거대한 전쟁의 시작","6","20.07.07"
"844","콰이어트 플레이스","10","20.07.07"
"845","결백","6","20.07.07"
"846","행복을 찾아서","9","20.07.07"
"847","다크 나이트","10","20.07.07"
"848","소리꾼","9","20.07.07"
"849","레옹","10","20.07.07"
"850","암전","8","20.07.07"
"851","결백","8","20.07.07"
"852","이퀄스","3","20.07.07"
"853","#살아있다","1","20.07.07"
"854","코드 8","2","20.07.07"
"855","소리꾼","10","20.07.07"
"856","설리: 허드슨강의 기적","5","20.07.07"
"857","언더워터","6","20.07.07"
"858","외톨이","10","20.07.07"
"859","#살아있다","1","20.07.07"
"860","#살아있다","2","20.07.07"
"861","#살아있다","1","20.07.07"
"862","메리와 마녀의 꽃","10","20.07.07"
"863","#살아있다","1","20.07.07"
"864","원더","2","20.07.07"
"865","#살아있다","8","20.07.07"
"866","#살아있다","5","20.07.07"
"867","트로이","10","20.07.07"
"868","사라진 시간","5","20.07.07"
"869","더 시크릿 하우스","9","20.07.07"
"870","침입자","3","20.07.07"
"871","인디펜던스 데이: 리써전스","1","20.07.07"
"872","소리꾼","8","20.07.07"
"873","고지전","10","20.07.07"
"874","프리퀀시","10","20.07.07"
"875","관상","5","20.07.07"
"876","세 얼간이","10","20.07.07"
"877","라이프","9","20.07.07"
"878","세이프 하우스","6","20.07.07"
"879","워크래프트: 전쟁의 서막","10","20.07.07"
"880","열혈형사","1","20.07.07"
"881","소리꾼","2","20.07.07"
"882","아이즈 와이드 셧","7","20.07.07"
"883","인터스텔라","10","20.07.07"
"884","세븐 데이즈","1","20.07.07"
"885","버즈 오브 프레이(할리 퀸의 황홀한 해방)","9","20.07.07"
"886","저수지의 개들","6","20.07.07"
"887","터미네이터: 다크 페이트","10","20.07.07"
"888","카페 벨에포크","10","20.07.07"
"889","유신의 추억 - 다카키 마사오의 전성시대","1","20.07.07"
"890","날씨의 아이","10","20.07.07"
"891","스타워즈: 라이즈 오브 스카이워커","10","20.07.07"
"892","기억의 밤","10","20.07.07"
"893","사라진 시간","1","20.07.07"
"894","엑소시즘 오브 에밀리 로즈","8","20.07.07"
"895","열혈형사","1","20.07.07"
"896","소리꾼","2","20.07.07"
"897","의뢰인","10","20.07.07"
"898","사라진 시간","1","20.07.07"
"899","해피 디 데이","2","20.07.07"
"900","#살아있다","9","20.07.07"
"901","소리꾼","2","20.07.07"
"902","소리꾼","10","20.07.07"
"903","스타렛","9","20.07.07"
"904","순수의 시대","1","20.07.07"
"905","미스 스티븐스","10","20.07.07"
"906","끝까지 간다","10","20.07.07"
"907","82년생 김지영","10","20.07.07"
"908","사라진 시간","7","20.07.07"
"909","나만 없어 고양이","10","20.07.07"
"910","82년생 김지영","10","20.07.07"
"911","노아","10","20.07.07"
"912","소리꾼","10","20.07.07"
"913","안나 카레니나","10","20.07.07"
"914","#살아있다","2","20.07.07"
"915","#살아있다","7","20.07.07"
"916","#살아있다","4","20.07.07"
"917","소리꾼","10","20.07.07"
"918","히든 피겨스","10","20.07.07"
"919","환상의 빛","8","20.07.07"
"920","신세계","10","20.07.07"
"921","곤지암","8","20.07.07"
"922","#살아있다","1","20.07.07"
"923","#살아있다","5","20.07.07"
"924","부력","9","20.07.07"
"925","소리꾼","10","20.07.07"
"926","국도극장","10","20.07.07"
"927","굿 윌 헌팅","10","20.07.07"
"928","암전","4","20.07.07"
"929","암전","1","20.07.07"
"930","마더","10","20.07.07"
"931","킬 스위치","10","20.07.07"
"932","위대한 개츠비","10","20.07.07"
"933","예수는 역사다","10","20.07.07"
"934","악마를 보았다","10","20.07.07"
"935","#살아있다","2","20.07.07"
"936","B급 며느리","10","20.07.07"
"937","다크 나이트","10","20.07.07"
"938","암전","1","20.07.07"
"939","#살아있다","4","20.07.07"
"940","#살아있다","2","20.07.07"
"941","써니","10","20.07.07"
"942","어느 가족","9","20.07.07"
"943","야구소녀","2","20.07.07"
"944","#살아있다","2","20.07.07"
"945","다크 나이트","10","20.07.07"
"946","암전","1","20.07.07"
"947","배트맨 비긴즈","10","20.07.07"
"948","트로이","10","20.07.07"
"949","백두산","1","20.07.07"
"950","#살아있다","10","20.07.07"
"951","안나","10","20.07.07"
"952","비밀은 없다","10","20.07.07"
"953","해양경찰 마르코","6","20.07.07"
"954","#살아있다","1","20.07.07"
"955","비밀은 없다","10","20.07.07"
"956","야구소녀","1","20.07.07"
"957","오아시스","1","20.07.07"
"958","#살아있다","4","20.07.07"
"959","암전","10","20.07.07"
"960","토미리존스의 쓰리베리얼","8","20.07.07"
"961","식스 센스","10","20.07.07"
"962","돈","2","20.07.07"
"963","나쁜 남자","1","20.07.07"
"964","악마를 보았다","7","20.07.07"
"965","침입자","1","20.07.07"
"966","미세스 다웃파이어","10","20.07.07"
"967","공조","10","20.07.07"
"968","톰보이","10","20.07.07"
"969","#살아있다","2","20.07.07"
"970","#살아있다","9","20.07.07"
"971","위대한 쇼맨","10","20.07.07"
"972","욕창","10","20.07.07"
"973","다크 나이트","10","20.07.07"
"974","양들의 침묵","10","20.07.07"
"975","조폭 마누라 2 - 돌아온 전설","10","20.07.07"
"976","결백","9","20.07.07"
"977","엔딩스 비기닝스","4","20.07.07"
"978","버닝","2","20.07.07"
"979","로봇 앤 프랭크","10","20.07.07"
"980","결백","7","20.07.07"
"981","4교시 추리영역","2","20.07.07"
"982","트롤: 월드 투어","10","20.07.07"
"983","결백","1","20.07.07"
"984","두 개의 사랑","1","20.07.07"
"985","반쪽의 이야기","8","20.07.07"
"986","#살아있다","7","20.07.07"
"987","소리꾼","4","20.07.07"
"988","헬로우 고스트","10","20.07.07"
"989","스파이더맨: 뉴 유니버스","9","20.07.07"
"990","캣츠토피아","1","20.07.07"
"991","디스 민즈 워","10","20.07.07"
"992","이끼","8","20.07.07"
"993","온워드: 단 하루의 기적","6","20.07.07"
"994","이끼","10","20.07.07"
"995","#살아있다","2","20.07.07"
"996","버닝","10","20.07.07"
"997","#살아있다","5","20.07.07"
"998","아카시아","10","20.07.07"
"999","6 언더그라운드","7","20.07.07"
"1000","플립","9","20.07.07"
